id,name,active,notes
421529006,Dementia associated with acquired immunodeficiency syndrome (disorder),y,direct mapping
236406007,Acquired immune deficiency syndrome-related nephropathy (disorder),y,direct mapping
894661000000103,Human immunodeficiency virus infection monitoring first telephone invitation (procedure),y,direct mapping
103093008,Human immunodeficiency virus p24 antigen (substance),y,direct mapping
1008351000000102,Human immunodeficiency virus 1 ribonucleic acid detection assay (observable entity),y,direct mapping
420818005,Mycobacteriosis associated with acquired immunodeficiency syndrome (disorder),y,direct mapping
1010871000000101,Human immunodeficiency virus drug resistance test (observable entity),y,direct mapping
276666007,Congenital human immunodeficiency virus positive status syndrome (disorder),y,direct mapping
259855002,Human immunodeficiency virus antibody (substance),y,direct mapping
186707002,Human immunodeficiency virus infection with neurological disease (disorder),y,direct mapping
894641000000104,Human immunodeficiency virus infection monitoring telephone invitation (procedure),y,direct mapping
1007761000000101,Human immunodeficiency virus type 1 subtype identification (observable entity),y,direct mapping
713897006,Burkitt lymphoma co-occurrent with human immunodeficiency virus infection (disorder),y,direct mapping
996081000000100,Human immunodeficiency virus ribonucleic acid/deoxyribonucleic acid ratio (observable entity),y,direct mapping
445945000,Infectious disease associated with acquired immune deficiency syndrome (disorder),y,direct mapping
894621000000106,Human immunodeficiency virus infection monitoring invitation (procedure),y,direct mapping
230180003,Human immunodeficiency virus leukoencephalopathy (disorder),y,direct mapping
276665006,Congenital acquired immune deficiency syndrome (disorder),y,direct mapping
442537007,Non-Hodgkin lymphoma associated with Human immunodeficiency virus infection (disorder),y,direct mapping
713300006,Disorder of gastrointestinal tract co-occurrent with human immunodeficiency virus infection (disorder),y,direct mapping
504901000000109,Human immunodeficiency virus annual review (regime/therapy),y,direct mapping
89293008,Human immunodeficiency virus type I (organism),y,direct mapping
186708007,Human immunodeficiency virus infection with secondary clinical infectious disease (disorder),y,direct mapping
86406008,Human immunodeficiency virus infection (disorder),y,direct mapping
699433000,Human immunodeficiency virus carrier (finding),y,direct mapping
713572001,Malignant neoplastic disease co-occurrent with human immunodeficiency virus infection (disorder),y,direct mapping
894801000000103,Human immunodeficiency virus infection monitoring third telephone invitation (procedure),y,direct mapping
111880001,Acute human immunodeficiency virus infection (disorder),y,direct mapping
943041000000105,Human immunodeficiency virus disease resulting in haematological and immunological abnormalities (disorder),y,direct mapping
998701000000106,Human immunodeficiency virus viral load (observable entity),y,direct mapping
230598008,Neuropathy caused by human immunodeficiency virus (disorder),y,direct mapping
420403001,Pneumocystosis associated with acquired immunodeficiency syndrome (disorder),y,direct mapping
165816005,Human immunodeficiency virus positive (finding),y,direct mapping
170530008,Notification of acquired immune deficiency syndrome (procedure),y,direct mapping
422003001,Cachexia associated with acquired immunodeficiency syndrome (finding),y,direct mapping
62479008,Acquired immune deficiency syndrome (disorder),y,direct mapping
504931000000103,Human immunodeficiency virus positive general health check service declined (situation),y,direct mapping
120842007,"Human immunodeficiency virus, type II antibody (substance)",y,direct mapping
91947003,Asymptomatic human immunodeficiency virus infection (disorder),y,direct mapping
186706006,Human immunodeficiency virus infection constitutional disease (disorder),y,direct mapping
713341001,Myelitis co-occurrent with human immunodeficiency virus infection (disorder),y,direct mapping
894781000000104,Human immunodeficiency virus infection monitoring second telephone invitation (procedure),y,direct mapping
36115006,Human immunodeficiency virus type 2 (organism),y,direct mapping
862191000000107,Seen by community human immunodeficiency virus nurse (finding),y,direct mapping
281388009,Human immunodeficiency virus-related sclerosing cholangitis (disorder),y,direct mapping
240103002,Human immunodeficiency virus myopathy (disorder),y,direct mapping
998171000000102,Human immunodeficiency virus viral load by log rank (observable entity),y,direct mapping
95892003,Persistent generalized lymphadenopathy (disorder),y,direct mapping
19030005,Human immunodeficiency virus (organism),y,direct mapping
235009000,Human immunodeficiency virus-associated periodontitis (disorder),y,direct mapping
235726002,Human immunodeficiency virus enteropathy (disorder),y,direct mapping
398329009,Human immunodeficiency virus encephalitis (disorder),y,direct mapping
120841000,Human immunodeficiency virus type 1 antibody (substance),y,direct mapping
81000119104,Symptomatic human immunodeficiency virus infection (disorder),y,direct mapping
421460008,Retinopathy associated with acquired immunodeficiency syndrome (disorder),y,direct mapping
420524008,Kaposi's sarcoma associated with acquired immunodeficiency syndrome (disorder),y,direct mapping
421883002,Strongyloidiasis associated with acquired immunodeficiency syndrome (disorder),y,descendant of concept mapped from leaf
116952003,"Human immunodeficiency virus, type I protein 53 antibody (substance)",y,descendant of concept mapped from leaf
405631006,Pediatric human immunodeficiency virus infection (disorder),y,descendant of concept mapped from leaf
713484001,Disorder of respiratory system co-occurrent with human immunodeficiency virus infection (disorder),y,descendant of concept mapped from leaf
713349004,Anemia co-occurrent with human immunodeficiency virus infection (disorder),y,descendant of concept mapped from leaf
700053002,Sepsis associated with acquired immunodeficiency syndrome (disorder),y,descendant of concept mapped from leaf
710459003,Immunoglobulin G antibody to Human immunodeficiency virus type 1 (substance),y,descendant of concept mapped from leaf
713731001,Pyrexia of unknown origin co-occurrent with human immunodeficiency virus infection (disorder),y,descendant of concept mapped from leaf
421708000,Infective arthritis associated with acquired immunodeficiency syndrome (disorder),y,descendant of concept mapped from leaf
116947008,"Human immunodeficiency virus, type I glycoprotein 41 antibody (substance)",y,descendant of concept mapped from leaf
713510001,Enlargement of liver co-occurrent with human immunodeficiency virus infection (disorder),y,descendant of concept mapped from leaf
713508003,Aplastic anemia co-occurrent with human immunodeficiency virus infection (disorder),y,descendant of concept mapped from leaf
445377008,Human immunodeficiency virus 2 glycoprotein 36 antibody (substance),y,descendant of concept mapped from leaf
116922006,"Human immunodeficiency virus, type I protein 58 antibody (substance)",y,descendant of concept mapped from leaf
444584008,Human immunodeficiency virus 2 protein 55 antibody (substance),y,descendant of concept mapped from leaf
116925008,"Human immunodeficiency virus, type I protein 55 antibody (substance)",y,descendant of concept mapped from leaf
709837009,"Antibody to human immunodeficiency virus, type II glycoprotein 140 (substance)",y,descendant of concept mapped from leaf
713718006,Diffuse non-Hodgkin immunoblastic lymphoma co-occurrent with human immunodeficiency virus infection (disorder),y,descendant of concept mapped from leaf
116911007,"Human immunodeficiency virus, type II protein 56 antibody (substance)",y,descendant of concept mapped from leaf
87117006,Human immunodeficiency virus infection with acute lymphadenitis (disorder),y,descendant of concept mapped from leaf
713545009,Infection caused by Nocardia co-occurrent with human immunodeficiency virus infection (disorder),y,descendant of concept mapped from leaf
713298006,Heart disease co-occurrent with human immunodeficiency virus infection (disorder),y,descendant of concept mapped from leaf
713339002,Infection caused by Strongyloides co-occurrent with human immunodeficiency virus infection (disorder),y,descendant of concept mapped from leaf
421510000,Isosporiasis associated with acquired immunodeficiency syndrome (disorder),y,descendant of concept mapped from leaf
713964006,Multidermatomal infection caused by Herpes zoster co-occurrent with human immunodeficiency virus infection (disorder),y,descendant of concept mapped from leaf
713887002,Focal segmental glomerulosclerosis co-occurrent with human immunodeficiency virus infection (disorder),y,descendant of concept mapped from leaf
713967004,Disseminated atypical infection caused by Mycobacterium co-occurrent with human immunodeficiency virus infection (disorder),y,descendant of concept mapped from leaf
713696000,Renal failure syndrome co-occurrent with human immunodeficiency virus infection (disorder),y,descendant of concept mapped from leaf
713491003,Organic brain syndrome co-occurrent with human immunodeficiency virus infection (disorder),y,descendant of concept mapped from leaf
735524009,Human immunodeficiency virus World Health Organization 2007 stage 2 co-occurrent with malaria (disorder),y,descendant of concept mapped from leaf
52079000,Congenital human immunodeficiency virus infection (disorder),y,descendant of concept mapped from leaf
421047005,Candidiasis of lung associated with acquired immunodeficiency syndrome (disorder),y,descendant of concept mapped from leaf
713881001,Infection caused by Microsporidia co-occurrent with human immunodeficiency virus infection (disorder),y,descendant of concept mapped from leaf
420308006,Retinal vascular changes associated with acquired immunodeficiency syndrome (disorder),y,descendant of concept mapped from leaf
713526000,Recurrent bacterial pneumonia co-occurrent with human immunodeficiency virus infection (disorder),y,descendant of concept mapped from leaf
116910008,"Human immunodeficiency virus, type II protein 68 antibody (substance)",y,descendant of concept mapped from leaf
420614009,Organic dementia associated with acquired immunodeficiency syndrome (disorder),y,descendant of concept mapped from leaf
713527009,Disorder of peripheral nervous system co-occurrent with human immunodeficiency virus infection (disorder),y,descendant of concept mapped from leaf
422074008,Coccidiosis associated with acquired immunodeficiency syndrome (disorder),y,descendant of concept mapped from leaf
713325002,Primary cerebral lymphoma co-occurrent with human immunodeficiency virus infection (disorder),y,descendant of concept mapped from leaf
713544008,Bacterial pneumonia co-occurrent with human immunodeficiency virus infection (disorder),y,descendant of concept mapped from leaf
116912000,"Human immunodeficiency virus, type II protein 26 antibody (substance)",y,descendant of concept mapped from leaf
713260006,Subacute adenoviral encephalitis co-occurrent with human immunodeficiency virus infection (disorder),y,descendant of concept mapped from leaf
709836000,"Antibody to human immunodeficiency virus, type I protein 40 (substance)",y,descendant of concept mapped from leaf
116902007,"Human immunodeficiency virus, type I protein 23 antibody (substance)",y,descendant of concept mapped from leaf
422337001,Coccidioidomycosis associated with acquired immunodeficiency syndrome (disorder),y,descendant of concept mapped from leaf
72621000119104,Human immunodeficiency virus (HIV) II infection category B1 (disorder),y,descendant of concept mapped from leaf
735525005,Human immunodeficiency virus World Health Organization 2007 stage 3 co-occurrent with tuberculosis (disorder),y,descendant of concept mapped from leaf
713729005,Infection caused by Coccidia co-occurrent with human immunodeficiency virus infection (disorder),y,descendant of concept mapped from leaf
713299003,Disorder of eye proper co-occurrent with human immunodeficiency virus infection (disorder),y,descendant of concept mapped from leaf
735521001,Human immunodeficiency virus World Health Organization 2007 stage 1 co-occurrent with tuberculosis (disorder),y,descendant of concept mapped from leaf
48794007,Human immunodeficiency virus infection with infectious mononucleosis-like syndrome (disorder),y,descendant of concept mapped from leaf
713742005,Human immunodeficiency virus antibody positive (finding),y,descendant of concept mapped from leaf
116951005,"Human immunodeficiency virus, type II protein 41 antibody (substance)",y,descendant of concept mapped from leaf
420687005,Ill-defined intestinal infection associated with acquired immunodeficiency syndrome (disorder),y,descendant of concept mapped from leaf
713543002,Demyelinating disease of central nervous system co-occurrent with human immunodeficiency virus infection (disorder),y,descendant of concept mapped from leaf
116945000,"Human immunodeficiency virus, type II protein 24 antibody (substance)",y,descendant of concept mapped from leaf
709838004,"Antibody to human immunodeficiency virus, type II protein 16 (substance)",y,descendant of concept mapped from leaf
416491000,Immune recovery uveitis (disorder),y,descendant of concept mapped from leaf
444201004,Human immunodeficiency virus I glycoprotein 43 antibody (substance),y,descendant of concept mapped from leaf
444013004,Human immunodeficiency virus 1 protein 24 antibody (substance),y,descendant of concept mapped from leaf
735527002,Human immunodeficiency virus World Health Organization 2007 stage 4 co-occurrent with tuberculosis (disorder),y,descendant of concept mapped from leaf
444554000,Human immunodeficiency virus 2 protein 15 antibody (substance),y,descendant of concept mapped from leaf
116923001,"Human immunodeficiency virus, type I protein 51 antibody (substance)",y,descendant of concept mapped from leaf
90691000119105,Asymptomatic human immunodeficiency virus A2 infection (disorder),y,descendant of concept mapped from leaf
713845004,Infection caused by Cryptosporidium co-occurrent with human immunodeficiency virus infection (disorder),y,descendant of concept mapped from leaf
116914004,"Human immunodeficiency virus, type II glycoprotein 80 antibody (substance)",y,descendant of concept mapped from leaf
713446007,Chronic infection caused by herpes simplex virus co-occurrent with human immunodeficiency virus infection (disorder),y,descendant of concept mapped from leaf
420877009,Dermatomycosis associated with acquired immunodeficiency syndrome (disorder),y,descendant of concept mapped from leaf
421508002,Viral pneumonia associated with acquired immunodeficiency syndrome (disorder),y,descendant of concept mapped from leaf
116953008,"Human immunodeficiency virus, type I protein 18 antibody (substance)",y,descendant of concept mapped from leaf
116909003,"Human immunodeficiency virus, type I protein 65 antibody (substance)",y,descendant of concept mapped from leaf
116946004,"Human immunodeficiency virus, type I protein 17 antibody (substance)",y,descendant of concept mapped from leaf
421077004,Disseminated candidiasis associated with acquired immunodeficiency syndrome (disorder),y,descendant of concept mapped from leaf
116944001,"Human immunodeficiency virus, type I protein 31 antibody (substance)",y,descendant of concept mapped from leaf
116948003,"Human immunodeficiency virus, type I glycoprotein 120 antibody (substance)",y,descendant of concept mapped from leaf
422127002,Herpes zoster associated with acquired immunodeficiency syndrome (disorder),y,descendant of concept mapped from leaf
713695001,Nephrotic syndrome co-occurrent with human immunodeficiency virus infection (disorder),y,descendant of concept mapped from leaf
719789000,Human immunodeficiency virus 2 antibody positive and Human immunodeficiency virus 1 antibody cross-reactivity (finding),y,descendant of concept mapped from leaf
713445006,Disseminated infection caused by Strongyloides co-occurrent with human immunodeficiency virus infection (disorder),y,descendant of concept mapped from leaf
90681000119107,Asymptomatic human immunodeficiency virus A1 infection (disorder),y,descendant of concept mapped from leaf
420302007,Reticulosarcoma associated with acquired immunodeficiency syndrome (disorder),y,descendant of concept mapped from leaf
719522009,Infection of upper respiratory tract caused by Candida co-occurrent with human immunodeficiency virus infection (disorder),y,descendant of concept mapped from leaf
735523003,Human immunodeficiency virus World Health Organization 2007 stage 2 co-occurrent with tuberculosis (disorder),y,descendant of concept mapped from leaf
116897006,"Human immunodeficiency virus, type II glycoprotein 36 antibody (substance)",y,descendant of concept mapped from leaf
721166000,Human immunodeficiency virus complicating pregnancy childbirth and the puerperium (disorder),y,descendant of concept mapped from leaf
713532005,Infective arthritis co-occurrent with human immunodeficiency virus infection (disorder),y,descendant of concept mapped from leaf
420554003,Progressive multifocal leukoencephalopathy associated with acquired immunodeficiency syndrome (disorder),y,descendant of concept mapped from leaf
722557007,Parkinsonism due to human immunodeficiency virus infection (disorder),y,descendant of concept mapped from leaf
735526006,Human immunodeficiency virus World Health Organization 2007 stage 3 co-occurrent with malaria (disorder),y,descendant of concept mapped from leaf
444675000,Human immunodeficiency virus 2 glycoprotein 125 antibody (substance),y,descendant of concept mapped from leaf
713530002,Agranulocytosis co-occurrent with human immunodeficiency virus infection (disorder),y,descendant of concept mapped from leaf
421454008,Infectious gastroenteritis associated with acquired immunodeficiency syndrome (disorder),y,descendant of concept mapped from leaf
713722001,Infection caused by Cytomegalovirus co-occurrent with human immunodeficiency virus infection (disorder),y,descendant of concept mapped from leaf
735522008,Human immunodeficiency virus World Health Organization 2007 stage 1 co-occurrent with malaria (disorder),y,descendant of concept mapped from leaf
713506004,Neuritis co-occurrent with human immunodeficiency virus infection (disorder),y,descendant of concept mapped from leaf
421666009,Toxoplasmosis associated with acquired immunodeficiency syndrome (disorder),y,descendant of concept mapped from leaf
116955001,"Human immunodeficiency virus, type I protein 15 antibody (substance)",y,descendant of concept mapped from leaf
116981002,"Human immunodeficiency virus, type I protein 26 antibody (substance)",y,descendant of concept mapped from leaf
713507008,Lymphadenopathy co-occurrent with human immunodeficiency virus infection (disorder),y,descendant of concept mapped from leaf
713730000,Infection caused by herpes simplex virus co-occurrent with human immunodeficiency virus infection (disorder),y,descendant of concept mapped from leaf
444586005,Human immunodeficiency virus 2 glycoprotein 105 antibody (substance),y,descendant of concept mapped from leaf
713511002,Acute endocarditis co-occurrent with human immunodeficiency virus infection (disorder),y,descendant of concept mapped from leaf
713320007,Radiculitis co-occurrent with human immunodeficiency virus infection (disorder),y,descendant of concept mapped from leaf
421415007,Subacute adenoviral encephalitis associated with acquired immunodeficiency syndrome (disorder),y,descendant of concept mapped from leaf
116896002,"Human immunodeficiency virus, type II glycoprotein 125 antibody (substance)",y,descendant of concept mapped from leaf
420787001,Pneumococcal pneumonia associated with acquired immunodeficiency syndrome (disorder),y,descendant of concept mapped from leaf
713732008,Infection caused by Aspergillus co-occurrent with human immunodeficiency virus infection (disorder),y,descendant of concept mapped from leaf
713503007,Disorder of spinal cord co-occurrent with human immunodeficiency virus infection (disorder),y,descendant of concept mapped from leaf
445463006,Human immunodeficiency virus 1 protein 68 antibody (substance),y,descendant of concept mapped from leaf
714083007,Recurrent salmonella sepsis co-occurrent with human immunodeficiency virus infection (disorder),y,descendant of concept mapped from leaf
713487008,Progressive multifocal leukoencephalopathy co-occurrent with human immunodeficiency virus infection (disorder),y,descendant of concept mapped from leaf
444839000,Human immunodeficiency virus 2 protein 53 antibody (substance),y,descendant of concept mapped from leaf
421431004,Nocardiosis associated with acquired immunodeficiency syndrome (disorder),y,descendant of concept mapped from leaf
116905009,"Human immunodeficiency virus, type I protein 32 antibody (substance)",y,descendant of concept mapped from leaf
421023003,Presenile dementia associated with acquired immunodeficiency syndrome (disorder),y,descendant of concept mapped from leaf
315019000,Human immunodeficiency virus infection with aseptic meningitis (disorder),y,descendant of concept mapped from leaf
713546005,Isosporiasis co-occurrent with human immunodeficiency virus infection (disorder),y,descendant of concept mapped from leaf
713570009,Infectious gastroenteritis co-occurrent with human immunodeficiency virus infection (disorder),y,descendant of concept mapped from leaf
713533000,Acquired hemolytic anemia co-occurrent with human immunodeficiency virus infection (disorder),y,descendant of concept mapped from leaf
713489006,Polyneuropathy co-occurrent with human immunodeficiency virus infection (disorder),y,descendant of concept mapped from leaf
713844000,Dementia co-occurrent with human immunodeficiency virus infection (disorder),y,descendant of concept mapped from leaf
709839007,"Antibody to human immunodeficiency virus, type I glycoprotein 40 (substance)",y,descendant of concept mapped from leaf
40780007,Human immunodeficiency virus I infection (disorder),y,descendant of concept mapped from leaf
421571007,Tuberculosis associated with acquired immunodeficiency syndrome (disorder),y,descendant of concept mapped from leaf
713734009,Infection caused by Dermatophyte co-occurrent with human immunodeficiency virus infection (disorder),y,descendant of concept mapped from leaf
116924007,"Human immunodeficiency virus, type I protein 66 antibody (substance)",y,descendant of concept mapped from leaf
444583002,Human immunodeficiency virus 2 protein 31 antibody (substance),y,descendant of concept mapped from leaf
421020000,Microsporidiosis associated with acquired immunodeficiency syndrome (disorder),y,descendant of concept mapped from leaf
713340000,Disorder of skin co-occurrent with human immunodeficiency virus infection (disorder),y,descendant of concept mapped from leaf
444573001,Human immunodeficiency virus 2 protein 58 antibody (substance),y,descendant of concept mapped from leaf
733834006,Invasive carcinoma of uterine cervix co-occurrent with human immunodeficiency virus infection (disorder),y,descendant of concept mapped from leaf
116954002,"Human immunodeficiency virus, type I glycoprotein 34 antibody (substance)",y,descendant of concept mapped from leaf
116919009,"Human immunodeficiency virus, type I glycoprotein 105 antibody (substance)",y,descendant of concept mapped from leaf
444587001,Human immunodeficiency virus 2 glycoprotein 120 antibody (substance),y,descendant of concept mapped from leaf
79019005,Human immunodeficiency virus II infection (disorder),y,descendant of concept mapped from leaf
421403008,Cryptococcosis associated with acquired immunodeficiency syndrome (disorder),y,descendant of concept mapped from leaf
733835007,Extrapulmonary tuberculosis co-occurrent with human immunodeficiency virus infection (disorder),y,descendant of concept mapped from leaf
80191000119101,Symptomatic human immunodeficiency virus I infection (disorder),y,descendant of concept mapped from leaf
397763006,Human immunodeficiency virus encephalopathy (disorder),y,descendant of concept mapped from leaf
713444005,Hemophagocytic syndrome co-occurrent with human immunodeficiency virus infection (disorder),y,descendant of concept mapped from leaf
713880000,Opportunistic mycosis co-occurrent with human immunodeficiency virus infection (disorder),y,descendant of concept mapped from leaf
444553006,Human immunodeficiency virus 2 glycoprotein 34 antibody (substance),y,descendant of concept mapped from leaf
116950006,"Human immunodeficiency virus, type I protein 64 antibody (substance)",y,descendant of concept mapped from leaf
713316008,Eruption of skin co-occurrent with human immunodeficiency virus infection (disorder),y,descendant of concept mapped from leaf
420945005,Histoplasmosis associated with acquired immunodeficiency syndrome (disorder),y,descendant of concept mapped from leaf
116949006,"Human immunodeficiency virus, type I glycoprotein 160 antibody (substance)",y,descendant of concept mapped from leaf
713297001,Candidiasis of esophagus co-occurrent with human immunodeficiency virus infection (disorder),y,descendant of concept mapped from leaf
91948008,Asymptomatic human immunodeficiency virus infection in pregnancy (disorder),y,descendant of concept mapped from leaf
420764009,Salmonella infection associated with acquired immunodeficiency syndrome (disorder),y,descendant of concept mapped from leaf
713488003,Presenile dementia co-occurrent with human immunodeficiency virus infection (disorder),y,descendant of concept mapped from leaf
421710003,Candidiasis of mouth associated with acquired immunodeficiency syndrome (disorder),y,descendant of concept mapped from leaf
713342008,Infection caused by Salmonella co-occurrent with human immunodeficiency virus infection (disorder),y,descendant of concept mapped from leaf
713278001,Neuralgia co-occurrent with human immunodeficiency virus infection (disorder),y,descendant of concept mapped from leaf
10746341000119109,Acquired immune deficiency syndrome complicating childbirth (disorder),y,descendant of concept mapped from leaf
713275003,Splenomegaly co-occurrent with human immunodeficiency virus infection (disorder),y,descendant of concept mapped from leaf
713505000,Gastrointestinal malabsorption syndrome co-occurrent with human immunodeficiency virus infection (disorder),y,descendant of concept mapped from leaf
713733003,Infection caused by herpes zoster virus co-occurrent with human immunodeficiency virus infection (disorder),y,descendant of concept mapped from leaf
713504001,Disorder of kidney co-occurrent with human immunodeficiency virus infection (disorder),y,descendant of concept mapped from leaf
713318009,Myocarditis co-occurrent with human immunodeficiency virus infection (disorder),y,descendant of concept mapped from leaf
713531003,Visual impairment co-occurrent with human immunodeficiency virus infection (disorder),y,descendant of concept mapped from leaf
710461007,Immunoglobulin G antibody to Human immunodeficiency virus type 2 (substance),y,descendant of concept mapped from leaf
713523008,Cardiomyopathy co-occurrent with human immunodeficiency virus infection (disorder),y,descendant of concept mapped from leaf
713490002,Infection caused by Pneumocystis co-occurrent with human immunodeficiency virus infection (disorder),y,descendant of concept mapped from leaf
420544002,Bacterial pneumonia associated with acquired immunodeficiency syndrome (disorder),y,descendant of concept mapped from leaf
713483007,Reticulosarcoma co-occurrent with human immunodeficiency virus infection (disorder),y,descendant of concept mapped from leaf
735528007,Human immunodeficiency virus World Health Organization 2007 stage 4 co-occurrent with malaria (disorder),y,descendant of concept mapped from leaf
714464009,Immune reconstitution inflammatory syndrome caused by human immunodeficiency virus infection (disorder),y,descendant of concept mapped from leaf
713497004,Candidiasis of mouth co-occurrent with human immunodeficiency virus infection (disorder),y,descendant of concept mapped from leaf
116907001,"Human immunodeficiency virus, type I protein 28 antibody (substance)",y,descendant of concept mapped from leaf
713571008,Disorder of central nervous system co-occurrent with human immunodeficiency virus infection (disorder),y,descendant of concept mapped from leaf
455571000000106,[X]HIV disease resulting in other malignant neoplasms (disorder),n,via Query Table
428061000000103,[X]HIV disease resulting in other specified conditions (disorder),n,via Query Table
894811000000101,Human immunodeficiency virus monitoring third telephone invitation ,n,via Query Table
1054001000000101,Invasive carcinoma of uterine cervix co-occurrent with human immunodeficiency virus infection (disorder),n,via Query Table
89395004,AIDS with histoplasmosis (disorder),n,via Query Table
111884005,AIDS with mycobacteriosis (disorder),n,via Query Table
421189000,Deficiency anemia associated with acquired immunodeficiency syndrome (disorder),n,via Query Table
12741002,AIDS with dementia (disorder),n,via Query Table
504911000000106,Human immunodeficiency virus annual review ,n,via Query Table
77070006,Acquired immunodeficiency syndrome with Salmonella infection (disorder),n,via Query Table
33579009,AIDS with candidiasis of skin AND/OR nails (disorder),n,via Query Table
186717007,Human immunodeficiency virus disease resulting in mycobacterial infection (disorder),n,via Query Table
427921000000108,[V]Asymptomatic human immunodeficiency virus infection status (context-dependent category),n,via Query Table
421979003,Dermatophytosis associated with acquired immunodeficiency syndrome (disorder),n,via Query Table
894631000000108,Human immunodeficiency virus monitoring invitation ,n,via Query Table
62102009,AIDS with presenile dementia (disorder),n,via Query Table
186709004,Human immunodeficiency virus with secondary cancers (disorder),n,via Query Table
16810008,Acquired immunodeficiency syndrome (AIDS) with viral pneumonia (disorder),n,via Query Table
411831000000102,[X]HIV disease resulting in other bacterial infections (disorder),n,via Query Table
1053901000000104,Extrapulmonary tuberculosis co-occurrent with human immunodeficiency virus infection (disorder),n,via Query Table
401191000000107,"[X] HIV disease resulting in haematological and immunological abnormalities, not elsewhere classified (disorder)",n,via Query Table
187438009,[X]Human immunodeficiency virus disease (disorder),n,via Query Table
7019004,AIDS with ill-defined intestinal infection (disorder),n,via Query Table
15884001,AIDS with cryptococcosis (disorder),n,via Query Table
420615005,Candiasis of skin AND/OR nails associated with acquired immunodeficiency syndrome (disorder),n,via Query Table
77865003,AIDS with Kaposi's sarcoma (disorder),n,via Query Table
45719002,AIDS with hypersplenism (disorder),n,via Query Table
76242005,AIDS with retinal vascular changes (disorder),n,via Query Table
87014001,AIDS with herpes zoster (disorder),n,via Query Table
88693009,AIDS with candidiasis of lung (disorder),n,via Query Table
39047000,AIDS with septicemia (disorder),n,via Query Table
862201000000109,Seen by community human immunodeficiency nurse ,n,via Query Table
46933004,AIDS with splenomegaly (disorder),n,via Query Table
432411000000106,[X]HIV disease resulting in unspecified malignant neoplasm,n,via Query Table
90194001,AIDS with organic dementia (disorder),n,via Query Table
186719005,Human immunodeficiency virus disease resulting in candidiasis (disorder),n,via Query Table
45529006,AIDS with infective arthritis (disorder),n,via Query Table
420991002,Herpes simplex associated with acquired immunodeficiency syndrome (disorder),n,via Query Table
16437002,AIDS with tuberculosis (disorder),n,via Query Table
78466009,Positive serological AND/OR viral culture findings for human immunodeficiency virus (disorder),n,via Query Table
33745006,AIDS with pneumocystosis (disorder),n,via Query Table
421184005,Septicemia associated with acquired immunodeficiency syndrome (disorder),n,via Query Table
36154007,AIDS with deficiency anemia (disorder),n,via Query Table
33615004,AIDS with cytomegalic inclusion disease (disorder),n,via Query Table
414701000000104,"[X]Hiv disease resulting in haematological and immunological abnormalities, not elsewhere classified",n,via Query Table
87653009,AIDS with Nocardia infection (disorder),n,via Query Table
420749009,Hypersplenism associated with acquired immunodeficiency syndrome (disorder),n,via Query Table
15118008,AIDS with reticulosarcoma (disorder),n,via Query Table
111881002,AIDS with disseminated candidiasis (disorder),n,via Query Table
5810003,Human immunodeficiency virus infection with infection caused by another virus (disorder),n,via Query Table
187451004,"[X]Hiv disease resulting in hematological and immunological abnormalities, not elsewhere classified (disorder)",n,via Query Table
421009000,Prion disease associated with acquired immunodeficiency syndrome (disorder),n,via Query Table
186725009,Human immunodeficiency virus disease resulting in multiple malignant neoplasms (disorder),n,via Query Table
240611008,Acquired immune deficiency syndrome-related complex (disorder),n,via Query Table
186726005,Human immunodeficiency virus disease resulting in lymphoid interstitial pneumonitis (disorder),n,via Query Table
54962007,AIDS with fever (disorder),n,via Query Table
77484008,AIDS with non-arthropod-borne viral disease (disorder),n,via Query Table
441561000000104,[X]HIV disease resulting in other viral infections (disorder),n,via Query Table
402916007,Human immunodeficiency virus seropositivity (disorder),n,via Query Table
504921000000100,Human immunodeficiency virus annual review ,n,via Query Table
170492000,Acquired immunodeficiency syndrome carrier (finding),n,via Query Table
444811000000101,[X]HIV disease resulting in multiple diseases classified elsewhere,n,via Query Table
422159009,Non-arthropod-borne viral disease associated with acquired immunodeficiency syndrome (disorder),n,via Query Table
187445009,[X]Hiv disease resulting in unspecified infectious and parasitic disease (disorder),n,via Query Table
116915003,"Human immunodeficiency virus, type II glycoprotein 53 antibody (substance)",n,via Query Table
510511000000105,Human immunodeficiency virus positive general health check service declined - enhanced services administration,n,via Query Table
359787005,AIDS with dermatophytosis (disorder),n,via Query Table
62246005,Acquired immunodeficiency syndrome-like syndrome (disorder),n,via Query Table
510521000000104,Human immunodeficiency virus positive general health check service declined - enhanced services administration,n,via Query Table
421835000,Immunoblastic lymphoma associated with acquired immunodeficiency syndrome (disorder),n,via Query Table
402915006,Human immunodeficiency virus seroconversion exanthem (disorder),n,via Query Table
187453001,[X]Unspecified human immunodeficiency virus [HIV] disease (disorder),n,via Query Table
466811000000104,[X]Hiv disease resulting in unspecified infectious and parasitic disease (disorder),n,via Query Table
418661000000104,[X]Hiv disease resulting in other infectious and parasitic diseases (disorder),n,via Query Table
422260007,Splenomegaly associated with acquired immunodeficiency syndrome (disorder),n,via Query Table
230201009,Human immunodeficiency virus myelitis (disorder),n,via Query Table
89706008,AIDS with Burkitt's tumor (disorder),n,via Query Table
19285002,AIDS with opportunistic mycosis (disorder),n,via Query Table
60696005,AIDS with bacterial pneumonia (disorder),n,via Query Table
422241000,Cytomegalic inclusion disease associated with acquired immunodeficiency syndrome (disorder),n,via Query Table
312261006,AIDS with slow virus infection (disorder),n,via Query Table
894791000000102,Human immunodeficiency virus monitoring second telephone invitation ,n,via Query Table
422031005,Opportunistic mycosis associated with acquired immunodeficiency syndrome (disorder),n,via Query Table
400401000000101,[X]Hiv disease resulting in unspecified infectious and parasitic disease (disorder),n,via Query Table
359778001,AIDS with coccidiosis (disorder),n,via Query Table
63536001,AIDS with toxoplasmosis (disorder),n,via Query Table
58522005,AIDS with coccidioidomycosis (disorder),n,via Query Table
413621000000104,[X]HIV disease resulting in other mycoses (disorder),n,via Query Table
51229007,AIDS with strongyloidiasis (disorder),n,via Query Table
74633007,AIDS with cachexia (disorder),n,via Query Table
359791000,Acquired immunodeficiency syndrome with dermatomycosis (disorder),n,via Query Table
77524007,AIDS with infectious gastroenteritis (disorder),n,via Query Table
281390005,Human immunodeficiency virus-related gut disease - cause unknown (disorder),n,via Query Table
20197001,AIDS with lymphadenopathy (disorder),n,via Query Table
422052002,Burkitt's lymphoma associated with acquired immunodeficiency syndrome (disorder),n,via Query Table
38118004,AIDS with cryptosporidiosis (disorder),n,via Query Table
421154002,Fever associated with acquired immunodeficiency syndrome (disorder),n,via Query Table
186721000,Human immunodeficiency virus disease resulting in multiple infections (disorder),n,via Query Table
80440003,AIDS with malignant neoplasm (disorder),n,via Query Table
313113003,AIDS with subacute adenoviral encephalitis (disorder),n,via Query Table
439901000000106,[X]Unspecified human immunodeficiency virus [HIV] disease (disorder),n,via Query Table
894651000000101,HIV monitoring telephone invitation ,n,via Query Table
91923005,Acquired immunodeficiency syndrome virus infection associated with pregnancy (disorder),n,via Query Table
421218006,Slow virus infection associated with acquired immunodeficiency syndrome (disorder),n,via Query Table
468931000000102,[X]Human immunodeficiency virus disease (disorder),n,via Query Table
23488005,AIDS with progressive multifocal leukoencephalopathy (disorder),n,via Query Table
187450003,[X]HIV disease resulting in multiple diseases classified elsewhere (disorder),n,via Query Table
186723002,Human immunodeficiency virus disease resulting in Burkitt's lymphoma (disorder),n,via Query Table
401941000000104,"[X]HIV disease resulting in other malignant neoplasms of lymphoid, haematopoietic and related tissue (disorder)",n,via Query Table
37721008,AIDS with pneumococcal pneumonia (disorder),n,via Query Table
186720004,HIV disease resulting in Pneumocystis carinii pneumonia (disorder),n,via Query Table
14249000,AIDS with candidiasis of mouth (disorder),n,via Query Table
69154000,AIDS with background retinopathy (disorder),n,via Query Table
46910000,AIDS with microsporidiosis (disorder),n,via Query Table
421792005,Cryptosporidiosis associated with acquired immunodeficiency syndrome (disorder),n,via Query Table
413321000000109,[X]HIV disease resulting in multiple diseases classified elsewhere (disorder),n,via Query Table
442351000000104,[X]HIV disease resulting in other non-Hodgkin's lymphoma (disorder),n,via Query Table
186718002,Human immunodeficiency virus disease resulting in cytomegaloviral disease (disorder),n,via Query Table
421977001,Lymphadenopathy associated with acquired immunodeficiency syndrome (disorder),n,via Query Table
419441000000105,"[X]Hiv disease resulting in other malignant neoplasms of lymphoid, haematopoietic and related tissue",n,via Query Table
413311000000103,[X]HIV disease resulting in unspecified malignant neoplasm (disorder),n,via Query Table
84350008,AIDS with immunoblastic sarcoma (disorder),n,via Query Table
186722007,HIV disease resulting in Kaposi's sarcoma (disorder),n,via Query Table
60690004,AIDS with herpes simplex (disorder),n,via Query Table
894671000000105,HIV monitoring first telephone invitation ,n,via Query Table
359775003,AIDS with isosporiasis (disorder),n,via Query Table
